id,url,width,height
1i1,https://cdn2.thecatapi.com/images/1i1.jpg,500,375
3fh,https://cdn2.thecatapi.com/images/3fh.jpg,500,333
61h,https://cdn2.thecatapi.com/images/61h.gif,400,309
6lh,https://cdn2.thecatapi.com/images/6lh.jpg,500,335
7ad,https://cdn2.thecatapi.com/images/7ad.png,588,396
aup,https://cdn2.thecatapi.com/images/aup.jpg,500,333
bg3,https://cdn2.thecatapi.com/images/bg3.jpg,500,351
dhj,https://cdn2.thecatapi.com/images/dhj.jpg,1037,692
dji,https://cdn2.thecatapi.com/images/dji.jpg,640,640
MTc3ODcyNA,https://cdn2.thecatapi.com/images/MTc3ODcyNA.jpg,500,333
